UpdatedFileNames,fileName,category,subCategory,secondCategory,secondSubCategory,Other Categories,hint1,hint2,answer,alternateAnswer1,alternateAnswer2,alternateAnswer3,alternateAnswer4,alternateAnswer5,alternateAnswer6,alternateAnswer7,alternateAnswer8,alternateAnswer9,alternateAnswer10,alternateAnswer11,alternateAnswer12,alternateAnswer13,alternateAnswer14,alternateAnswer15,alternateAnswer16
rebus_architecture_00.jpg,rebus_architecture_00.jpg,Architecture,,,,,Are you old enough to have hand drafted with one of these bad boys?,A line of Mays,mayline,,,,,,,,,,,,,,,,
rebus_architecture_01.jpg,rebus_architecture_01.jpg,Architecture,,,,,hot air rises,"it's not a stack of hotcakes, that's for sure",stack effect,,,,,,,,,,,,,,,,
rebus_architecture_02.jpg,rebus_architecture_02.jpg,Architecture,,,,,Have you ever hand-drafted?,what shape is it? What letter is ti made out of?,t-square,teesquare,,,,,,,,,,,,,,,
rebus_architecture_03.jpg,rebus_architecture_03.jpg,Architecture,,,,,impossible to measure off of,"not 1/4"" = 1' nor 1:500",not to scale,,,,,,,,,,,,,,,,
rebus_architecture_04.jpg,rebus_architecture_04.jpg,Architecture,,,,,You have to be familiar with both Pixar and recondnizing reading floor plans to get this one,It's the letter _ made out of walls....,Wallâ€¢e,,,,,,,,,,,,,,,,
rebus_architecture_05.jpg,rebus_architecture_05.jpg,Architecture,,,,,Video software,by Adobe,After Effects,adobeaftereffects,,,,,,,,,,,,,,,
rebus_architecture_06.jpg,rebus_architecture_06.jpg,Architecture,,,,,layout software,by Adobe,InDesign,adobeindesign,,,,,,,,,,,,,,,
rebus_architecture_07.jpg,rebus_architecture_07.jpg,Architecture,,,,,"some architects still use these, I think",a book in which you sketch ideas,sketchbook,,,,,,,,,,,,,,,,
rebus_architecture_08.jpg,rebus_architecture_08.jpg,Architecture,,,,,fancy architect word for something in multi-level buildings,"elevators, escalators, ramps, ect...",vertical circulation,,,,,,,,,,,,,,,,
rebus_architecture_09.jpg,rebus_architecture_09.jpg,Architecture,,,,,sustainable!,The roof is not red...but it is covered in plants,green roof,,,,,,,,,,,,,,,,
rebus_architecture_10.jpg,rebus_architecture_10.jpg,Architecture,,,,,"Buildings have so many different kinds of vents, and stacks...",,smokestack,chimney,,,,,,,,,,,,,,,
rebus_architecture_11.jpg,rebus_architecture_11.jpg,Architecture,,,,,Common type insulation in residential construction,not spay foam or loose fill...,batt insulation,,,,,,,,,,,,,,,,
rebus_architecture_12.jpg,rebus_architecture_12.jpg,Architecture,,,,,"Oh look, Iso just met Rick!",A type of projection (drawing) used to represent a 3-dimensional object in 2-dimension space,isometric,,,,,,,,,,,,,,,,
rebus_architecture_13.jpg,rebus_architecture_13.jpg,Architecture,,,,,Standard section abbreviation starts with 'L',"The word 'steel' is not flat, it's at an _ _ _ _ _ ",steel angle,,,,,,,,,,,,,,,,
rebus_architecture_14.jpg,rebus_architecture_14.jpg,Architecture,,,,,Gotta fill in that valuable urban realestate,,urban infill,,,,,,,,,,,,,,,,
rebus_architecture_15.jpg,rebus_architecture_15.jpg,Architecture,,,,,A requirement in the new MA energy code,The tope half is not a grade I often achieved in school,continious insulation below grade,continious below grade insulation,,,,,,,,,,,,,,,
rebus_architecture_16.jpg,rebus_architecture_16.jpg,Architecture,,,,,A type of arch,"Also a type of wooden container, kind of",barrel vault,barrle vault,barel vault,,,,,,,,,,,,,,
rebus_architecture_17.jpg,rebus_architecture_17.jpg,Architecture,,,,,"Initial stone of masonry construction, sometimes of historic signifigance, used as reference for all other stones","hmm, stone is not in the center, no it's not.",corner stone,,,,,,,,,,,,,,,,
rebus_architecture_18.jpg,rebus_architecture_18.jpg,Architecture,,,,,Used to show objects above or below,a line of Ted's!,dotted line,,,,,,,,,,,,,,,,
rebus_architecture_19.jpg,rebus_architecture_19.jpg,Architecture,,,,,"""Best Architectural 3D modeling software"" -Change my mind",it's not 'draw down',SketchUp,,,,,,,,,,,,,,,,
rebus_architecture_20.jpg,rebus_architecture_20.jpg,Architecture,,General,,,animal,with a pointy nose,Rhino,rhinoceros,rhinoceros 3d,rhino 3d,,,,,,,,,,,,,
rebus_architecture_21.jpg,rebus_architecture_21.jpg,Architecture,,,,,"It's hard to see, but that ruler is metric",,axonometric,,,,,,,,,,,,,,,,
rebus_architecture_22.jpg,rebus_architecture_22.jpg,Architecture,,General,,,"the core of architecture, really","if you can't draw these good, you're buildings will probabyl leak",detail,,,,,,,,,,,,,,,,
rebus_architecture_revit_23.jpg,rebus_architecture_revit_23.jpg,Architecture,Revit,,,,most important aspect of working collaborativly with this software,also most common thing to be yelled at to do in the office,sync to central,sync2central,,,,,,,,,,,,,,,
rebus_architecture_revit_24.jpg,rebus_architecture_revit_24.jpg,Architecture,Revit,,,,Do you even Revit?,Makes similar views have similar appearances,view template,,,,,,,,,,,,,,,,
rebus_architecture_revit_25.jpg,rebus_architecture_revit_25.jpg,Architecture,Revit,,,,Do you even Revit?,A line of models...?,model line,,,,,,,,,,,,,,,,
rebus_architecture_revit_26.jpg,rebus_architecture_revit_26.jpg,Architecture,Revit,,,,the heart and soul of Revit,vv or vg,visibility graphics override,,,,,,,,,,,,,,,,
rebus_architecture_revit_27.jpg,rebus_architecture_revit_27.jpg,Architecture,Revit,,,,the glasses icon on the bottom,if you want to side only the selected [items] you might use this,hide in view - elements,hide elements in view,,,,,,,,,,,,,,,
rebus_architecture__revit_dynamo_28.jpg,rebus_architecture__revit_dynamo_28.jpg,Architecture,Dynamo,,,Revit,,,node,,,,,,,,,,,,,,,,
rebus_beer_01.jpg,rebus_beer_01.jpg,Beer,,,,,Makes ales,Where is the word 'fermentation'?,top fermentation,,,,,,,,,,,,,,,,
rebus_beer_02.jpg,rebus_beer_02.jpg,Beer,,,,,makes laggers,Where is the word 'fermentation'?,bottom fermentation,,,,,,,,,,,,,,,,
rebus_beer_03.jpg,rebus_beer_03.jpg,Beer,,,,,Goes well with lime,,Carona,,,,,,,,,,,,,,,,
rebus_beer_04.jpg,rebus_beer_04.jpg,Beer,,,,,,,Bud Light,,,,,,,,,,,,,,,,
rebus_beer_05.jpg,rebus_beer_05.jpg,Beer,,,,,,,Indio,,,,,,,,,,,,,,,,
rebus_beer_06.jpg,rebus_beer_06.jpg,Beer,,,,,,,India Pale Ale,IPA,Indian Pale Ale,,,,,,,,,,,,,,
rebus_beer_07.jpg,rebus_beer_07.jpg,Beer,,,,,,,brown ale,,,,,,,,,,,,,,,,
rebus_biking_01.jpg,rebus_biking_01.jpg,Bicycles,,,,,AKA gruppo,All the sets are... grouped together?,groupset,groupsets,,,,,,,,,,,,,,,
rebus_biking_02.jpg,rebus_biking_02.jpg,Bicycles,,,,,"Unless you ahve thru-axels, you have these",The word isn't in the box,dropout,dropouts,,,,,,,,,,,,,,,
rebus_biking_03.jpg,rebus_biking_03.jpg,Bicycles,,,,,Nothing like buying a nice bike only to have to carry it up muddy hills,,Cyclo-cross,cyclocros,cx,cyclox,cross,,,,,,,,,,,,
rebus_biking_04.jpg,rebus_biking_04.jpg,Bicycles,,,,,Part 1: chain,Part 2: somethings that's round,chainring,chainrings,chainwheel,chainwheels,sprocket,sprockets,,,,,,,,,,,
rebus_biking_05.jpg,rebus_biking_05.jpg,Bicycles,,,,,,,bottom bracket,BB,bottom brackets,,,,,,,,,,,,,,
rebus_biking_05a.jpg,rebus_biking_05a.jpg,Bicycles,,,,,,,bottom bracket,BB,bottom brackets,,,,,,,,,,,,,,
rebus_biking_05b.jpg,rebus_biking_05b.jpg,Bicycles,,,,,,,bottom bracket,BB,bottom brackets,,,,,,,,,,,,,,
rebus_biking_06.jpg,rebus_biking_06.jpg,Bicycles,,,,,"Popular for gravel bikes, I think",,650b,,,,,,,,,,,,,,,,
rebus_biking_07.jpg,rebus_biking_07.jpg,Bicycles,,,,,roll over stuff good,counting helpts a lot,29ers,29er,,,,,,,,,,,,,,,
rebus_biking_08.jpg,rebus_biking_08.jpg,Bicycles,,,,,For road bikes,There are 28 rows and 25 columns,700c,,,,,,,,,,,,,,,,
rebus_boston_00.jpg,rebus_boston_00.jpg,Boston,,,,,If you've lived in Boston for any amount of time you know that this might never happen,"If anything, it'll never make it to Rt. 23",Green Line Extension,,,,,,,,,,,,,,,,
rebus_boston_01.jpg,rebus_boston_01.jpg,Boston,,,,,it will hopefully get a new Greenline station soon,the name is kind of an oxymoron actually,Ball Square,,,,,,,,,,,,,,,,
rebus_boston_02.jpg,rebus_boston_02.jpg,Boston,,,,,"i think there are like 4 names for these, and they all have slightly different meanings","including: ""rotary, traffic circle, ect...""",roundabout,,,,,,,,,,,,,,,,
rebus_boston_03.jpg,rebus_boston_03.jpg,Boston,,,,,close to the Aquarium,not a short wharf,Long Wharf,,,,,,,,,,,,,,,,
rebus_boston_04.jpg,rebus_boston_04.jpg,Boston,,,,,Did you know this was founded in Boston?,"actually, their name changed recently",Dunkin' (Donuts),dunkin donuts,dunkin',dunkin,,,,,,,,,,,,,
rebus_boston_05.jpg,rebus_boston_05.jpg,Boston,,,,,contains Newbury St,,Back Bay,,,,,,,,,,,,,,,,
rebus_boston_06.jpg,rebus_boston_06.jpg,Boston,,,,,maybe the most 'Boston' Boston neighborhood,,Southie,,,,,,,,,,,,,,,,
rebus_boston_07.jpg,rebus_boston_07.jpg,Boston,,,,,Boston is a sea of higher leaning institutions,,Northeastern,,,,,,,,,,,,,,,,
rebus_boston_08.jpg,rebus_boston_08.jpg,Boston,,,,,,,Big Dig,,,,,,,,,,,,,,,,
rebus_boston_09.jpg,rebus_boston_09.jpg,Boston,,,,,Rose Kennedy....,it sits atop part of the previous Boston rebus puzzle,Greenway,,,,,,,,,,,,,,,,
rebus_climbing_00.jpg,rebus_climbing_00.jpg,Climbing,,,,,Gunkies love them,Pink is best,tricam,,,,,,,,,,,,,,,,
rebus_climbing_01.jpg,rebus_climbing_01.jpg,Climbing,,,,,Not four single pitches,,multi-pitch,multipitch climb,multipitch climbing,,,,,,,,,,,,,,
rebus_climbing_02.jpg,rebus_climbing_02.jpg,Climbing,,,,,"First aid is sometimes required in climbing, but that's not exactly what this puzzle means","Hope you have lots of gear, and you aiders",aid climbing,aid,,,,,,,,,,,,,,,
rebus_climbing_03.jpg,rebus_climbing_03.jpg,Climbing,,,,,"First try, no beta",The arrow isn't pointing off the word 'sight',on-sight,,,,,,,,,,,,,,,,
rebus_climbing_04.jpg,rebus_climbing_04.jpg,Climbing,,,,,hand stacks and legbars and grunting,The arrow isn't on the word 'width',offwidth,,,,,,,,,,,,,,,,
rebus_climbing_05.jpg,rebus_climbing_05.jpg,Climbing,,,,,"Not the same thing as putting your foot behind the rope, stop saying that!",I think that word is backwards,back-step,backstep,,,,,,,,,,,,,,,
rebus_climbing_06.jpg,rebus_climbing_06.jpg,Climbing,,,,,"Low on gear, high on fear",,run out,,,,,,,,,,,,,,,,
rebus_climbing_07.jpg,rebus_climbing_07.jpg,Climbing,,,,,You might say this at the top of a pitch,YOu might say this at the bottom of a pitch,"on belay, off belay",on belay off belay,,,,,,,,,,,,,,,
rebus_climbing_08.jpg,rebus_climbing_08.jpg,Climbing,,,,,I think it's French,opposite of a sidepull?,gaston,,,,,,,,,,,,,,,,
rebus_climbing_09.jpg,rebus_climbing_09.jpg,Climbing,,,,,my favorite kind of hold,friction dependant,sloper,slopper,,,,,,,,,,,,,,,
rebus_climbing_10.jpg,rebus_climbing_10.jpg,Climbing,,,,,Safest way to rope climb usually,I wonder if bottom rope is a thing too,top rope,,,,,,,,,,,,,,,,
rebus_climbing_11.jpg,rebus_climbing_11.jpg,Climbing,,,,,My favorite climbing move,Oppostie of a static move,dyno,,,,,,,,,,,,,,,,
rebus_climbing_12.jpg,rebus_climbing_12.jpg,Climbing,,,,,Good way to show off your bicepts,"Or good way to grow your bicepts, if you don't have any. Try the awesome 5.11b at Military Wall.",undercling,,,,,,,,,,,,,,,,
rebus_climbing_13.jpg,rebus_climbing_13.jpg,Climbing,,,,,The scariest part of bouldering,That word is not inside the box,top out,,,,,,,,,,,,,,,,
rebus_climbing_14.jpg,rebus_climbing_14.jpg,Climbing,,,,,See: Bold Bouldering,,highball,,,,,,,,,,,,,,,,
rebus_climbing_15.jpg,rebus_climbing_15.jpg,Climbing,,,,,A usefull skill to practice,,downclimb,downclimbing,,,,,,,,,,,,,,,
rebus_climbing_16.jpg,rebus_climbing_16.jpg,Climbing,,,,,Nothing in life is truly free,"The first ascent costs $12.95, but that's not what's pointed too",first free ascent,ffa,,,,,,,,,,,,,,,
rebus_climbing_17.jpg,rebus_climbing_17.jpg,Climbing,,,,,You need some Starwars knowledge too to solve this one,Also a film,free solo,,,,,,,,,,,,,,,,
rebus_climbing_18.jpg,rebus_climbing_18.jpg,Climbing,,,,,"The goal of hard sport climbing, I think",What is it? What color is it?,redpoint,,,,,,,,,,,,,,,,
rebus_climbing_19.jpg,rebus_climbing_19.jpg,Climbing,,,,,Ur gonna die,"Well maybe not die, but certaintly fail the gym belay test",back clipping,,,,,,,,,,,,,,,,
rebus_climbing_20.jpg,rebus_climbing_20.jpg,Climbing,,,,,Part of the harness,"A circle, a ring, a wheel, a...",belay loop,,,,,,,,,,,,,,,,
rebus_climbing_21.jpg,rebus_climbing_21.jpg,Climbing,,,,,Life goal: Get a first....,,ascent,,,,,,,,,,,,,,,,
rebus_climbing_22.jpg,rebus_climbing_22.jpg,Climbing,,,,,A move,What's that guy doing at the dead guy?,deadpoint,,,,,,,,,,,,,,,,
rebus_climbing_23.jpg,rebus_climbing_23.jpg,Climbing,,,,,A good rainy day option,,climbing indoors,,,,,,,,,,,,,,,,
rebus_climbing_24.jpg,rebus_climbing_24.jpg,Climbing,,,,,A brand,"They make shoes, and some other stuff",Madrock,,,,,,,,,,,,,,,,
rebus_climbing_25.jpg,rebus_climbing_25.jpg,Climbing,,,,,A brand,"This one's easy, no more hints.",Black Diamond,,,,,,,,,,,,,,,,
rebus_climbing_26.jpg,rebus_climbing_26.jpg,Climbing,,,,,A brand,Skin sore?,Climb On,,,,,,,,,,,,,,,,
rebus_climbing_27.jpg,rebus_climbing_27.jpg,Climbing,,,,,No it's not mansplaining,I use this move to top out boulders a lot,mantel,,,,,,,,,,,,,,,,
rebus_climbing_28.jpg,rebus_climbing_28.jpg,Climbing,,,,,My favorite kind of hold,,side pull,,,,,,,,,,,,,,,,
rebus_climbing_29.jpg,rebus_climbing_29.jpg,Climbing,,,,,Know your knots?,The tophat means it's a man,double fisherman's,double fisherman's knot,,,,,,,,,,,,,,,
rebus_climbing_30.jpg,rebus_climbing_30.jpg,Climbing,,,,,Pooping in a tube,,big wall,big wall climbing,,,,,,,,,,,,,,,
rebus_climbing_31.jpg,rebus_climbing_31.jpg,Climbing,,,,,also useful in the wild west,this drawing was made in a short (quick) amount of time,quick draw,,,,,,,,,,,,,,,,
rebus_climbing_32.jpg,rebus_climbing_32.jpg,Climbing,,,,,what type of trees are in this darwing?,"They are not deciduous, they are ALL (coniferous)",alpine draw,,,,,,,,,,,,,,,,
rebus_climbing_33.jpg,rebus_climbing_33.jpg,Climbing,,,,,Could make a similar puzzle using the work 'river',,Red Rocks,,,,,,,,,,,,,,,,
rebus_climbing_34.jpg,rebus_climbing_34.jpg,Climbing,,,,,,,figure-8 on a bight,figure eight on a bight,figure-8 on a bite,figure eight on a bite,figure of eight on a bite,figure of eight on a bight,figure of 8 on a bite,figure of 8 on a bight,figure-8 on a bight,figure eight on the bight,figure-8 on the bite,figure eight on the bite,figure of eight on the bite,figure of eight on the bight,figure of 8 on the bite,figure of 8 on the bight,
rebus_climbing_35.jpg,rebus_climbing_35.jpg,Climbing,,,,,Basic rock climbing skill...,"That 'B' sure isn't standing up, is it?",belay,,,,,,,,,,,,,,,,
rebus_climbing_36.jpg,rebus_climbing_36.jpg,Climbing,,,,,"Pretty big, hard to miss",In Yosemite,Half Dome,half-dome,,,,,,,,,,,,,,,
rebus_climbing_37.jpg,rebus_climbing_37.jpg,Climbing,,,,,,,bow line,bow line knot,,,,,,,,,,,,,,,
rebus_climbing_38.jpg,rebus_climbing_38.jpg,Climbing,,,,,,,TruBlue,true blue,tru blu,true blu,,,,,,,,,,,,,
rebus_climbing_39.jpg,rebus_climbing_39.jpg,Climbing,,,,,"Definitley not an 'ABD,' as the gyms are calling them these days","Stands for 'Air Traffic Controller,' if that helps",ATC,air traffic controller,a.t.c.,,,,,,,,,,,,,,
rebus_climbing_40.jpg,rebus_climbing_40.jpg,Climbing,,,,,You will need deep Harry Potter and climbing knowledge to get this one.,#cowbells,hexes,,,,,,,,,,,,,,,,
rebus_climbing_41_gunks.jpg,rebus_climbing_41_gunks.jpg,Climbing,Gunks,,,,Ever climbed at the Gunks?,"That E is not low down, nor is this climb.",High E,High Exposure,,,,,,,,,,,,,,,
rebus_climbing_42.jpg,rebus_climbing_42.jpg,Climbing,,,,,Crack heaven.,inside the letter inside another word....,Indian Creek,,,,,,,,,,,,,,,,
rebus_climbing_43.jpg,rebus_climbing_43.jpg,Climbing,,,,,A place with (seasonally) more climbers than locals,Can you count?,Ten Sleep,10 sleep,Ten Sleep Canyon,10 sleep Canyon,,,,,,,,,,,,,
rebus_climbing_44.jpg,rebus_climbing_44.jpg,Climbing,,,,,You'll need both climbing and Mario knowledge to solve this one,Think: Canada. Think: Alpine.,Bugaboos,the bugaboos,,,,,,,,,,,,,,,
rebus_climbing_45.jpg,rebus_climbing_45.jpg,Climbing,,,,,What's his name?,What's he doing?,gym climbing,,,,,,,,,,,,,,,,
rebus_climbing_46.jpg,rebus_climbing_46.jpg,Climbing,,,,,Ever climbed in Red Rocks?,AKA Adrenaline,Epinephrine,,,,,,,,,,,,,,,,
rebus_climbing_47.jpg,rebus_climbing_47.jpg,Climbing,,,,,Ever climbed in Utah?,What's that he's steeling? Part of the... chimney?,Stolen Chimney,,,,,,,,,,,,,,,,
rebus_climbing_48.jpg,rebus_climbing_48.jpg,Climbing,,,,,Ever climbed at the Creek?,A must-do for any 5.21 crack climber,Way Rambo,,,,,,,,,,,,,,,,
rebus_climbing_49_a_gunks.jpg,rebus_climbing_49_a_gunks.jpg,Climbing,Gunks,,,,Ever climbed at the Gunks?,It's a color,Yellow Wall,,,,,,,,,,,,,,,,
rebus_climbing_49_b_gunks.jpg,rebus_climbing_49_b_gunks.jpg,Climbing,Gunks,,,,Ever climbed at the Gunks?,It's a color,Yellow Wall,,,,,,,,,,,,,,,,
rebus_climbing_50_gunks.jpg,rebus_climbing_50_gunks.jpg,Climbing,Gunks,,,,Ever climbed at the Gunks?,,Easy Overhang,Easy-O,,,,,,,,,,,,,,,
rebus_climbing_51_gunks.jpg,rebus_climbing_51_gunks.jpg,Climbing,Gunks,General,,,Not the front earth or the back earth,J. R. R. Tolkien could draw you a map,Middle Earth,,,,,,,,,,,,,,,,
rebus_climbing_52.jpg,rebus_climbing_52.jpg,Climbing,,,,,"Man I'm bad at these, always prefer to Dyno when possible.","That lightswitch if off, right?",lockoff,,,,,,,,,,,,,,,,
rebus_climbing_53.jpg,rebus_climbing_53.jpg,Climbing,,,,,pads > ropes anyway,"Part of that work is not italisized, or underlined, but...",bouldering,,,,,,,,,,,,,,,,
rebus_climbing_54.jpg,rebus_climbing_54.jpg,Climbing,,,,,AKA Half ropes,So what's the difference between these and twins anyway?,double ropes,doubles,double rope,,,,,,,,,,,,,,
rebus_climbing_55.jpg,rebus_climbing_55.jpg,Climbing,,,,,Good for ice and apline stuff,Can you make out what the bottom half of this word should be?,half rope,half ropes,1/2 rope,1/2 ropes,,,,,,,,,,,,,
rebus_climbing_56_repeat.jpg,rebus_climbing_56_repeat.jpg,Climbing,,General,,,The top,What's the math word for the result of adding numbers together?,summit,,,,,,,,,,,,,,,,
rebus_climbing_57.jpg,rebus_climbing_57.jpg,Climbing,,,,,Founded by Chris Sharma,"The return address, or 'sender' goes in the top left corner of an envelope, fyi.",Sender One,Sender one climbing,sender 1,sender 1 climbing,,,,,,,,,,,,,
rebus_climbing_58.jpg,rebus_climbing_58.jpg,Climbing,,,,,"""Climbing Free, My Life in the Vertical World""",One of the most prolific climbers of all time,Lynn Hill,Lyn Hill,Lin Hill,Linn Hill,Lynn Hil,,,,,,,,,,,,
rebus_climbing_59.jpg,rebus_climbing_59.jpg,Climbing,,,,,"Best boulderer, maybe",Teak is a type of tropical hardwood,Daniel Woods,,,,,,,,,,,,,,,,
rebus_climbing_60.jpg,rebus_climbing_60.jpg,Climbing,,,,,"If you've seen The Dawn Wall, you've herad of him.","If you haven't seen it, stop solving puzzles and go watch it now please.",Kevin Jorgeson,Kevin Jorgison,Kevin Jorgesin,,,,,,,,,,,,,,
rebus_climbing_61.jpg,rebus_climbing_61.jpg,Climbing,,,,,"""regarded as possibly the best climber ever to fondle rock"" -The Economist","I agree with hint 1, and he might get to proove it if the olympics ever happen",Adam Ondra,Adam Ondraw,,,,,,,,,,,,,,,
rebus_climbing_62.jpg,rebus_climbing_62.jpg,Climbing,,,,,"If you're from Minnesota, you probably climb at one of them","Or Glendale Heights, IL.",Vertical Endeavors,Vertical Endeavors Gym,Vertical Endeavors Rock Climbing,Vertical Endeavors Rock Climbing Gym,,,,,,,,,,,,,
rebus_climbing_63.jpg,rebus_climbing_63.jpg,Climbing,,,,,"It's not a real inn, fyi","Ever heard of Meltdown (5.14c trad)? Yeah, that was her.",Beth Rodden,Beth Roadin,Beth Roadinn,Beth Roaden,,,,,,,,,,,,,
rebus_climbing_64.jpg,rebus_climbing_64.jpg,Climbing,,,,,How many gyms do they open now?,our planet...and another word for hiking,Earth Treks,Earth Treks Climbing,Earth Treks Climbing Gym,Earth Treks Gym,,,,,,,,,,,,,
rebus_climbing_65.jpg,rebus_climbing_65.jpg,Climbing,,,,,"My favorite type of climbing. Not sure if that helps you, though.",Commonly found at Red River Gorge,overhang,,,,,,,,,,,,,,,,
rebus_climbing_66.jpg,rebus_climbing_66.jpg,Climbing,,,,,Commonly found at Indian Creek.,"If you don't crack climb, you won't know their beauty.",splitter,,,,,,,,,,,,,,,,
rebus_climbing_67.jpg,rebus_climbing_67.jpg,Climbing,,,,,The days before cams,"If placed correctly, it should 'STOP' your fall. Haha, get it?",stopper,,,,,,,,,,,,,,,,
rebus_climbing_68.jpg,rebus_climbing_68.jpg,Climbing,,,,,Dude if you don't know this you are NOT passing the gym belay test,A part of your harness,tie-in points,tie-in point,,,,,,,,,,,,,,,
rebus_climbing_69.jpg,rebus_climbing_69.jpg,Climbing,,,,,Think limestone,Makes the best pinches. Also change the first letter to an 'L' and you can wash yourself with it.,tufa,,,,,,,,,,,,,,,,
rebus_climbing_70.jpg,rebus_climbing_70.jpg,Climbing,,,,,"Fuck Adidas, man.",A climbing shoe brand.,Five Ten,5.10,5 10,,,,,,,,,,,,,,
rebus_climbing_rrg_01.jpg,rebus_climbing_rrg_01.jpg,Climbing,RRG,,,,in'ception,"Every single van-dwelling climber's dream durring their RRG season, maybe",Gettin' Lucky in Kentucky,getting lucky in kentucky,,,,,,,,,,,,,,,
rebus_climbing_rrg_02.jpg,rebus_climbing_rrg_02.jpg,Climbing,RRG,,,,"Look close, that E is covered in fuzz","What a good route! Also, what a useless hint!",Fuzzy Undercling,,,,,,,,,,,,,,,,
rebus_climbing_rrg_03.jpg,rebus_climbing_rrg_03.jpg,Climbing,RRG,,,,The letter position and orientation is random,"random, but precise",Random Precision,,,,,,,,,,,,,,,,
rebus_climbing_rrg_04.jpg,rebus_climbing_rrg_04.jpg,Climbing,RRG,,,,Some of the prettiest rock I've ever seen....,,Left Flank,,,,,,,,,,,,,,,,
rebus_climbing_rrg_05.jpg,rebus_climbing_rrg_05.jpg,Climbing,RRG,,,,The place to get your gear fix on while at RRG,,Long Wall,,,,,,,,,,,,,,,,
rebus_climbing_rrg_06.jpg,rebus_climbing_rrg_06.jpg,Climbing,RRG,,,,"Neither this rebus, nor the route, are sexist, I promise","If you like gigantic Huecos, do this climb",Banshee,Banshe,,,,,,,,,,,,,,,
rebus_climbing_rrg_07.jpg,rebus_climbing_rrg_07.jpg,Climbing,RRG,General,,,Think Charlie...,"Those are gold blocks in there, fyi",Golden Ticket,,,,,,,,,,,,,,,,
rebus_climbing_rrg_08.jpg,rebus_climbing_rrg_08.jpg,Climbing,RRG,,,,"I'm preferential to boxers, myself",Sick route though!,A Brief History of Climb,A Brief History of Climbing,,,,,,,,,,,,,,,
rebus_climbing_rrg_09.jpg,rebus_climbing_rrg_09.jpg,Climbing,RRG,,,,AKA Roadside,The image on the left is supposed to be grain,Graining Fork Nature Preserve,GFNP,Graining Fork,,,,,,,,,,,,,,
rebus_climbing_rrg_10.jpg,rebus_climbing_rrg_10.jpg,Climbing,RRG,,,,What a guidebook,The image on the left is supposed to be a mill,Miller Fork Recreational Preserve,MFRP,Miller Fork,,,,,,,,,,,,,,
rebus_climbing_rrg_11.jpg,rebus_climbing_rrg_11.jpg,Climbing,RRG,,,,AKA GFNP,Hope you got a permit,Roadside,Roadside Crag,Roadside Attraction,,,,,,,,,,,,,,
rebus_climbing_rrg_12.jpg,rebus_climbing_rrg_12.jpg,Climbing,RRG,,,,,,Dogleg,,,,,,,,,,,,,,,,
rebus_climbing_rrg_13.jpg,rebus_climbing_rrg_13.jpg,Climbing,RRG,,,,count 'em,,27 Years of Climbing,27 years,twenty seven years,twenty seven years of climbing,,,,,,,,,,,,,
rebus_climbing_rrg_14.jpg,rebus_climbing_rrg_14.jpg,Climbing,RRG,,,,Some people would not consider this a problem,"How many is too many, anyways?",Too Many Puppies,2 many puppies,,,,,,,,,,,,,,,
rebus_climbing_rrg_15.jpg,rebus_climbing_rrg_15.jpg,Climbing,RRG,,,,Are you familiar with the Imperial measurement system?,Claim to fame: it's on the way to Midnight Surf,Boneyard,,,,,,,,,,,,,,,,
rebus_climbing_rrg_16.jpg,rebus_climbing_rrg_16.jpg,Climbing,RRG,,,,#exponents,Next to Snozberries,Hip to the Jive,,,,,,,,,,,,,,,,
rebus_climbing_rrg_17.jpg,rebus_climbing_rrg_17.jpg,Climbing,RRG,,,,Definitly more popular than the name suggests,,The Hideout,Hideout,,,,,,,,,,,,,,,
rebus_climbing_rrg_18.jpg,rebus_climbing_rrg_18.jpg,Climbing,RRG,,,,"Oh man, one of my favorite climbs of all time is here",sunsets and ninjas...,North 40,North fourty,The North 40,The North Fourty,,,,,,,,,,,,,
rebus_climbing_rrg_19.jpg,rebus_climbing_rrg_19.jpg,Climbing,RRG,,,,And they're winking,Also a tasty snack,Twinkie,,,,,,,,,,,,,,,,
rebus_climbing_rrg_20.jpg,rebus_climbing_rrg_20.jpg,Climbing,RRG,,,,I climb a lot and even I don't have abs like that,Shared Hueco,Abiyoyo,Abeyoyo,Abyoyo,Abyyoyo,,,,,,,,,,,,,
rebus_climbing_rrg_21.jpg,rebus_climbing_rrg_21.jpg,Climbing,RRG,,,,"The best of Left Flank, according to some",It's a table,Table of Colors,,,,,,,,,,,,,,,,
rebus_climbing_rrg_22.jpg,rebus_climbing_rrg_22.jpg,Climbing,RRG,,,,Man I need to get a car that can get out of here.,Just letters,PMRP,Pendergrass-Murray Recreational Preserve,,,,,,,,,,,,,,,
rebus_climbing_rrg_23.jpg,rebus_climbing_rrg_23.jpg,Climbing,RRG,,,,Ever been to Miller Fork?,"I'm jewish, so I can draw stick people like that.",Jew Jew Fruit,,,,,,,,,,,,,,,,
rebus_climbing_rrg_24.jpg,rebus_climbing_rrg_24.jpg,Climbing,RRG,,,,"Shoemakers, leathworkers, bookbinders, and even metal workers would recongnize what tool this is","A stockpile, usually of weapons, but in this case awesome classic routes, mostly in the 5.12 range",The Arsenal,Arsenal,,,,,,,,,,,,,,,
rebus_climbing_rumney_53.jpg,rebus_climbing_rumney_53.jpg,Climbing,Rumney,General,,,Know you elements?,Also an Avenger,Iron Man,,,,,,,,,,,,,,,,
rebus_climbing_rumney_54.jpg,rebus_climbing_rumney_54.jpg,Climbing,Rumney,,,,Ever been to the Hinterlands?,Not fat man,Giant Man,,,,,,,,,,,,,,,,
rebus_climbing_rumney_55.jpg,rebus_climbing_rumney_55.jpg,Climbing,Rumney,,,,5.13 something I believe,Also not fat man,Thin Man,,,,,,,,,,,,,,,,
rebus_climbing_rumney_56.jpg,rebus_climbing_rumney_56.jpg,Climbing,Rumney,,,,"I'm not even sure this is an official crag name, has some ncie short routes though",Know anything about the degree of freedom in statistics?,Under the New Wave,Under New Wave,,,,,,,,,,,,,,,
rebus_climbing_rumney_57.jpg,rebus_climbing_rumney_57.jpg,Climbing,Rumney,,,,Hell yes I included pluto,"Might have to look up the order of our solar system's planets, if you don't remember",Venus on a Halfshell,,,,,,,,,,,,,,,,
rebus_climbing_rumney_58.jpg,rebus_climbing_rumney_58.jpg,Climbing,Rumney,,,,"2 options for that crux, yo","Try counting, then drop the 'u'",Flesh for Lulu,,,,,,,,,,,,,,,,
rebus_climbing_rumney_59.jpg,rebus_climbing_rumney_59.jpg,Climbing,Rumney,,,,"Just need a tiny bit of trad knowledge to understand the puzzle, but not for actually climbing the route","Men wear top hats, women don't (in the context of these puzzles at least)",Peanut Man,,,,,,,,,,,,,,,,
rebus_climbing_rumney_60.jpg,rebus_climbing_rumney_60.jpg,Climbing,Rumney,,,,"Most popular 5.12b at Rumney, probably.",Looks like technology is not allowed on this climb...,Technosurfing,,,,,,,,,,,,,,,,
rebus_climbing_rumney_61.jpg,rebus_climbing_rumney_61.jpg,Climbing,Rumney,,,,"Most populat 5.10 at Rumney, probably",not above the dog....,Underdog,,,,,,,,,,,,,,,,
rebus_climbing_rumney_62.jpg,rebus_climbing_rumney_62.jpg,Climbing,Rumney,,,,"Pizza, beer, live music, great hot breakfast","Tops a comma, bottoms a coffee",Common Cafe,,,,,,,,,,,,,,,,
rebus_climbing_rumney_63.jpg,rebus_climbing_rumney_63.jpg,Climbing,Rumney,,,,,,Know Ethics,no ethics,,,,,,,,,,,,,,,
rebus_climbing_rumney_65.jpg,rebus_climbing_rumney_65.jpg,Climbing,Rumney,,,,,,Clusterphobia,,,,,,,,,,,,,,,,
rebus_climbing_rumney_66.jpg,rebus_climbing_rumney_66.jpg,Climbing,Rumney,,,,,,Flying Hawaiian,flyin hawaiian,flyin' hawaiian,,,,,,,,,,,,,,
rebus_climbing_UK_01.jpg,rebus_climbing_UK_01.jpg,ClimbingUK,,,,,,,Indian Face,,,,,,,,,,,,,,,,
rebus_climbing_UK_02.jpg,rebus_climbing_UK_02.jpg,ClimbingUK,,,,,,,Three Pebble Slab,3 pabble slab,three pebbel slab,thre pebble slab,,,,,,,,,,,,,
rebus_climbing_UK_03.jpg,rebus_climbing_UK_03.jpg,ClimbingUK,,,,,,,Raven Tor,,,,,,,,,,,,,,,,
rebus_climbing_UK_04.jpg,rebus_climbing_UK_04.jpg,ClimbingUK,,,,,,,The Gower Peninsula,gower peninsula,the gower,,,,,,,,,,,,,,
rebus_climbing_UK_05.jpg,rebus_climbing_UK_05.jpg,ClimbingUK,,,,,,,Wye Valley,Y valley,,,,,,,,,,,,,,,
rebus_climbing_UK_06.jpg,rebus_climbing_UK_06.jpg,ClimbingUK,,,,,,,Cornwall,,,,,,,,,,,,,,,,
rebus_climbing_UK_07.jpg,rebus_climbing_UK_07.jpg,ClimbingUK,,,,,,,Isle of Portland,portland,,,,,,,,,,,,,,,
rebus_climbing_UK_08.jpg,rebus_climbing_UK_08.jpg,ClimbingUK,,,,,,,Land's End,,,,,,,,,,,,,,,,
rebus_climbing_UK_09.jpg,rebus_climbing_UK_09.jpg,ClimbingUK,,,,,,,Snowdonia,,,,,,,,,,,,,,,,
rebus_climbing_UK_10.jpg,rebus_climbing_UK_10.jpg,ClimbingUK,,,,,,,Swanage,,,,,,,,,,,,,,,,
rebus_climbing_UK_11.jpg,rebus_climbing_UK_11.jpg,ClimbingUK,,,,,,,Pembroke,,,,,,,,,,,,,,,,
rebus_climbing_UK_12.jpg,rebus_climbing_UK_12.jpg,ClimbingUK,,,,,,,The Caringorms,caringorms,,,,,,,,,,,,,,,
rebus_example_00.jpg,rebus_example_00.jpg,Example,,,,,the way your mind has to work to solve these puzzles,"the word 'think' is not inside the box, it's...",think outside the box,,,,,,,,,,,,,,,,
rebus_example_01.jpg,rebus_example_01.jpg,Example,,,,,When you fall for the special someone...,"the word ""I'm"" is inside the word ""love""",I'm in love,,,,,,,,,,,,,,,,
rebus_example_02.jpg,rebus_example_02.jpg,Example,,,,,a toy that may frieghten your children,"the word ""Jack"" is inside a box",jack in the box,,,,,,,,,,,,,,,,
rebus_general_01.jpg,rebus_general_01.jpg,General,,,,,part of a bed,it's a box of springs,box spring,,,,,,,,,,,,,,,,
rebus_general_02.jpg,rebus_general_02.jpg,General,,,,,your start-up might want some of this,a type of investment using capital,capital investment,,,,,,,,,,,,,,,,
rebus_general_04.jpg,rebus_general_04.jpg,General,,,,,for babies,opposite of a low chair,highchair,,,,,,,,,,,,,,,,
rebus_general_05.jpg,rebus_general_05.jpg,General,,,,,"think sports, and math.","specifically football, and it's positions",quarterback,,,,,,,,,,,,,,,,
rebus_general_06.jpg,rebus_general_06.jpg,General,,,,,you might be sitting in one right now if you're at work,"the chair isn't on the ice, but the opposite",office chair,,,,,,,,,,,,,,,,
rebus_general_07.jpg,rebus_general_07.jpg,General,,How I Built This,,,what color is it?,the front page of the internet,reddit,,,,,,,,,,,,,,,,
rebus_general_08.jpg,rebus_general_08.jpg,General,,,,,for plants and/or melting the ice caps and causing global flooding in coastal cities,what color is it?,green house,,,,,,,,,,,,,,,,
rebus_general_09.jpg,rebus_general_09.jpg,General,,,,,Do you even gamble?,The opposite of cutting your losses,double up or nothing,double or nothing,,,,,,,,,,,,,,,
rebus_general_10.jpg,rebus_general_10.jpg,General,,,,,combines math in the season you'd normally not use it,another term for addition,summer,,,,,,,,,,,,,,,,
rebus_general_11.jpg,rebus_general_11.jpg,General,,,,,first word: another term for subtraction,It's an older TV show,different strokes,,,,,,,,,,,,,,,,
rebus_general_12.jpg,rebus_general_12.jpg,General,,,,,might be seen less often soon due to Trump's tarrifs,written on many products,made in China,,,,,,,,,,,,,,,,
rebus_general_13.jpg,rebus_general_13.jpg,General,,,,,I usually prefer just plain beer or wine,Or wisky. I like it simple though.,mixed drink,,,,,,,,,,,,,,,,
rebus_general_14.jpg,rebus_general_14.jpg,General,,,,,#movieQuote,#toyStory,"""to infinity and beyond!""",to infinity and beyond,,,,,,,,,,,,,,,
rebus_general_15.jpg,rebus_general_15.jpg,General,,,,,one of my favorite puzzles. It's hard. This hint is useless.,used in both weighloss and home renovations,before and after photos,,,,,,,,,,,,,,,,
rebus_general_16.jpg,rebus_general_16.jpg,General,,,,,#literaryQuotes,#shakspeak (#hamlet),"""to be or not to be""",to be or not to be,,,,,,,,,,,,,,,
rebus_general_17.jpg,rebus_general_17.jpg,General,,,,,when your ordering fast food...,...this is usually the first quetion asked,for here or to go?,for here or to go,,,,,,,,,,,,,,,
rebus_general_18.jpg,rebus_general_18.jpg,General,,,,,this puzzle is garbage,a place that's full of garbage,landfill,,,,,,,,,,,,,,,,
rebus_general_19.jpg,rebus_general_19.jpg,General,,,,,A situation sometimes encountered during war,"fire as in bullets, not flames",we are under fire,we're under fire,,,,,,,,,,,,,,,
rebus_general_20.jpg,rebus_general_20.jpg,General,,,,,a theoretical technique applicable to all these puzzles,To infer something not explicitly written,read between the lines,,,,,,,,,,,,,,,,
rebus_general_21.jpg,rebus_general_21.jpg,General,,,,,it's not on the bottom....,a type of computer,laptop,,,,,,,,,,,,,,,,
rebus_general_22.jpg,rebus_general_22.jpg,General,,,,,"""...I always say"" -Hagrid","burps, hickups, vomit, ect.....",better out than in,better out then in,,,,,,,,,,,,,,,
rebus_general_23.jpg,rebus_general_23.jpg,General,,,,,might have a rabbit in it,it's not the bottom hat,top hat,,,,,,,,,,,,,,,,
rebus_general_24.jpg,rebus_general_24.jpg,General,,,,,it's something really high,what's another word for addition...?,summit,,,,,,,,,,,,,,,,
rebus_general_26.jpg,rebus_general_26.jpg,General,,,,,not with your full passion,what do you get when you divide something by two?,half-hearted,,,,,,,,,,,,,,,,
rebus_general_27.jpg,rebus_general_27.jpg,General,,,,,Easier than making salad from scratch,easier than salad without a bag,salad in a bag,,,,,,,,,,,,,,,,
rebus_general_28.jpg,rebus_general_28.jpg,General,,How I Built This,,,restaurant,"think how many names, and what gender",Five Guys,5 guys,,,,,,,,,,,,,,,
rebus_general_29.jpg,rebus_general_29.jpg,General,,,,,all mixed up,"the upside is written down, the and is written backwards",upside down and backwards,,,,,,,,,,,,,,,,
rebus_general_30.jpg,rebus_general_30.jpg,General,,,,,the nicer part of you,"when you divide something by two, what do you get?",my better half,,,,,,,,,,,,,,,,
rebus_general_32.jpg,rebus_general_32.jpg,General,,Music,,,kid's look foward to this,"also, it's a song",school's out for the summer,,,,,,,,,,,,,,,,
rebus_general_33.jpg,rebus_general_33.jpg,General,,,,,"if it's a nice day, you should go here",out' is not in the center,outside,,,,,,,,,,,,,,,,
rebus_general_34.jpg,rebus_general_34.jpg,General,,,,,it's a name,What's missing?,Noel,Noelle,,,,,,,,,,,,,,,
rebus_general_35.jpg,rebus_general_35.jpg,General,,,,,R.I.P. End,sucks to find in a maze,dead end,,,,,,,,,,,,,,,,
rebus_general_36.jpg,rebus_general_36.jpg,General,,Music,Bands,,think: Thanksgiving,Do you prefer fresh or canned?,Cranberries,,,,,,,,,,,,,,,,
rebus_general_37.jpg,rebus_general_37.jpg,General,,,,,it's a joke,more like a riddle. An old riddle.,newspaper,what's black and white and red all over,,,,,,,,,,,,,,,
rebus_general_38.jpg,rebus_general_38.jpg,General,,,,,You might say it in the morning,You might say it in the morning,up and at 'em,up and adam,up n at em,up n adam,up and at them,up n at them,,,,,,,,,,,
rebus_general_39.jpg,rebus_general_39.jpg,General,,,,,it's polite,".... ""You're welcome!""",thank you,,,,,,,,,,,,,,,,
rebus_general_40.jpg,rebus_general_40.jpg,General,,,,,four types of what?,"if unsure, double check 'Hitchhiker's Guide to the Galaxy'",the answer to life the universe and everything,42,fourtytwo,,,,,,,,,,,,,,
rebus_general_41.jpg,rebus_general_41.jpg,General,,,,,it's a name,famous actor,Brad Pitt,Brad Pit,,,,,,,,,,,,,,,
rebus_general_42.jpg,rebus_general_42.jpg,General,,,,,a revolutionary product,"""...an iPod, a phone, and an internet communicator""",iPhone,ifawn,iphon,,,,,,,,,,,,,,
rebus_general_43.jpg,rebus_general_43.jpg,General,,,,,add the letter 's' and a number on the end,it runs android,Samsung Galaxy,Samsung Galaxy S,Samsung's galaxy,Samsung's galaxy S,,,,,,,,,,,,,
rebus_general_44.jpg,rebus_general_44.jpg,General,,,,,Where things are run from,Isn't there a US coin worth 25 cents? Seems to be replacing their heads....,headquarters,,,,,,,,,,,,,,,,
rebus_general_45.jpg,rebus_general_45.jpg,General,,,,,Not one of the spice girls (unfortunatly),A spice,cumin,,,,,,,,,,,,,,,,
rebus_general_46.jpg,rebus_general_46.jpg,General,,,,,a drink from Taiwan,"what are those funny balls made of, anyway?",bubble tea,Boba Tea,bubble t,boba t,,,,,,,,,,,,,
rebus_general_47_valentines .jpg,Rebus_general_47_valentines day.jpg,General,,,,,"I'm not asking you, FYI.",,Will you be my valentine?,will u be my valentine,will you b my valentine,will u b my valentine,,,,,,,,,,,,,
rebus_general_48_valentines .jpg,Rebus_general_48_valentines day.jpg,General,,,,,"Ownership = love, amiright?",Where coal and diamonds come from,be mine,,,,,,,,,,,,,,,,
rebus_general_49_valentines day.jpg,rebus_general_49_valentines day.jpg,General,,,,,Who is in love?,What word (or contraction) is in the word love?,We're in love,wer in love,,,,,,,,,,,,,,,
rebus_general_50_valentines day.jpg,rebus_general_50_valentines day.jpg,General,,,,,A pie you can't eat,,cutie pie,,,,,,,,,,,,,,,,
rebus_general_51_valentines day.jpg,rebus_general_51_valentines day.jpg,General,,,,,"An unforgettable moment, for most people",Not the middle or last kiss,first kiss,,,,,,,,,,,,,,,,
rebus_general_52_valentines day.jpg,rebus_general_52_valentines day.jpg,General,,,,,What shape are these candies?,And what flavor are they? (sorta),sweet heart,,,,,,,,,,,,,,,,
rebus_general_53_coronavirus.jpg,rebus_general_53_coronavirus.jpg,General,Coronavirus,,,,Good way to 'flattent the curve',,social distancing,social distance,,,,,,,,,,,,,,,
rebus_general_54_coronavirus.jpg,rebus_general_54_coronavirus.jpg,General,Coronavirus,,,,goes good with lime (disease),AKA Covid-19,coronavirus,caronavirus,,,,,,,,,,,,,,,
rebus_general_55_coronavirus.jpg,rebus_general_55_coronavirus.jpg,General,Coronavirus,,,,,,outbreak,outbrake,,,,,,,,,,,,,,,
rebus_general_56_coronavirus.jpg,rebus_general_56_coronavirus.jpg,General,Coronavirus,,,,,,self-quarintine,,,,,,,,,,,,,,,,
rebus_general_57.jpg,rebus_general_57.jpg,General,,,,,Has two time zones,Try counting,Tennessee,,,,,,,,,,,,,,,,
rebus_general_58.jpg,rebus_general_58.jpg,General,,,,,A state,"of the US, not of mater. ",Ohio,,,,,,,,,,,,,,,,
rebus_general_59_hibt.jpg,rebus_general_59_hibt.jpg,General,,How I Built This,,,"Never loved the stress enduced by picking your own seat, though.",The word air seems to be forming lines...,Southwest Airlines,Southwest,Southwest Air,,,,,,,,,,,,,,
rebus_general_60_hibt.jpg,rebus_general_60_hibt.jpg,General,,How I Built This,,,My mother prefers Consumer Reports,What a weird list of G's,Angie's List,angie list,,,,,,,,,,,,,,,
rebus_general_61-hibt.jpg,rebus_general_61-hibt.jpg,General,,How I Built This,,,Now known as 'Urban One',,Radio One,Radio 1,urban 1,urban one,,,,,,,,,,,,,
rebus_general_62_hibt.jpg,rebus_general_62_hibt.jpg,General,,How I Built This,,,"Forget inception, it's 'b'ception",I like never use hotels anymore,Airbnb,airb&b,,,,,,,,,,,,,,,
rebus_general_63_hibt.jpg,rebus_general_63_hibt.jpg,General,,How I Built This,,,WTF is a 'gonia' ?!,"Wait, the clothing company or the place?",Patagonia,,,,,,,,,,,,,,,,
rebus_general_64_hibt.jpg,rebus_general_64_hibt.jpg,General,,How I Built This,,,Dance Exersize,We're zomming in on that 'ba',Zumba,zoomba,,,,,,,,,,,,,,,
rebus_general_65_hibt.jpg,rebus_general_65_hibt.jpg,General,,How I Built This,,,A truthful beverage,Didn't realize you could buy inorganic Tea though.,Honest Tea,,,,,,,,,,,,,,,,
rebus_general_66_hibt.jpg,rebus_general_66_hibt.jpg,General,,How I Built This,,,"Vegetarian friendly, at least in principle","Burger King serves em now, I believe",Beyond Meat,,,,,,,,,,,,,,,,
rebus_general_67_hibt.jpg,rebus_general_67_hibt.jpg,General,,How I Built This,,,Do these actually work? Do these actually not cause cancer?,I prefer Coffee,5-Hour Energy,five hour energy,,,,,,,,,,,,,,,
rebus_general_68_hibt.jpg,rebus_general_68_hibt.jpg,General,,How I Built This,,,You a 'Sesame Street' fan?,"It isn't Earnie on the snowbaords, it's the other guy",Burton Snowboards,Burton Boards,Burton,,,,,,,,,,,,,,
rebus_general_69_hibt.jpg,rebus_general_69_hibt.jpg,General,,How I Built This,,,The inner one is a Ram,"The outer one is supposed to be a male deer, aka a stag",Instagram,ram in stag,,,,,,,,,,,,,,,
rebus_general_70_hibt.jpg,rebus_general_70_hibt.jpg,General,,How I Built This,,,What do all these foods have in common?,"Was organic and expensive, now it's... Amazon",Whole Foods,Whole Foods Market,whole foods markets,whole foods grocers,whole foods grocer,amazon,,,,,,,,,,,
rebus_general_71_holiday.jpg,rebus_general_71_holiday.jpg,General,Holiday,,,,Celbratory resurrection,A holiday,Easter,,,,,,,,,,,,,,,,
rebus_general_72_hibt.jpg,rebus_general_72_hibt.jpg,General,,How I Built This,,Beer,Did you know they still call themselves a 'craft' beer?,Also a founding father,Samuel Adams,sam adams,,,,,,,,,,,,,,,
rebus_general_73_hibt.jpg,rebus_general_73_hibt.jpg,General,,How I Built This,,,"Bringing 'inexpensive tasteful european furniture' to the states (No, not IKEA)",They're both made of wood,Crate & Barrel,crate and barrel,crate n barrel,crate an barrel,Crate & Barel,,,,,,,,,,,,
rebus_general_74_hibt.jpg,rebus_general_74_hibt.jpg,General,,How I Built This,,,#fashion,Who is drawing who?,Kendra Scott,kendraw scott,Kendra and Scott,,,,,,,,,,,,,,
rebus_general_75_hibt.jpg,rebus_general_75_hibt.jpg,General,,How I Built This,,,Get those Zords!,"If your into kitchen design, you'll know the thing in the middle is not usually refered to as a 'stove.'",Power Rangers,,,,,,,,,,,,,,,,
rebus_general_76_hibt.jpg,rebus_general_76_hibt.jpg,General,,How I Built This,,,Can't believe I use to pay like $14.99/month for this.,I grew up when their instant messanging service was the shit.,AOL,America On Line,American On Line,,,,,,,,,,,,,,
rebus_general_77_hibt.jpg,rebus_general_77_hibt.jpg,General,,How I Built This,,,"Very useful duing the pandemic (if they're not on strike, that is)",Not instagram,Instacart,,,,,,,,,,,,,,,,
rebus_general_78_hibt.jpg,rebus_general_78_hibt.jpg,General,,How I Built This,,,I think they were bought by Coach recently though,I wonder if spades taste good,Kate Spade,Kayte Spade,,,,,,,,,,,,,,,
rebus_general_79_hibt.jpg,rebus_general_79_hibt.jpg,General,,How I Built This,,,If you haven't heard of 'blowouts' ask someone who gets their hair done.,"Man, the bar on the left looks pretty wet",Drybar,,,,,,,,,,,,,,,,
rebus_general_80_hibt.jpg,rebus_general_80_hibt.jpg,General,,How I Built This,,,Bringing education to underserved communities.,How many 'America' are there?,Teach For America,teach four america,,,,,,,,,,,,,,,
rebus_general_81_hibt.jpg,rebus_general_81_hibt.jpg,General,,How I Built This,,,"They model they're close the right way, imho.",The 'i' looks like it's leaning on the fish.,Eileen Fisher,ileen fisher,ilean fisher,eilean fisher,,,,,,,,,,,,,
rebus_general_82_hibt.jpg,rebus_general_82_hibt.jpg,General,,How I Built This,,,"Better than WIX, imho.","If it has four equal-length sides, and all 90 degree angles....",Square Space,,,,,,,,,,,,,,,,
rebus_general_83_hibt.jpg,rebus_general_83_hibt.jpg,General,,How I Built This,,,Why you can only find these at carnivals and amusement parks is beyond me.,,Dippin' Dots,dip in dots,dipping dots,dip n dots,dipin dots,,,,,,,,,,,,
rebus_general_84_hibt.jpg,rebus_general_84_hibt.jpg,General,,How I Built This,,,,,Atari,,,,,,,,,,,,,,,,
rebus_general_85.jpg,rebus_general_85.jpg,General,,,,,,,feline,cat,,,,,,,,,,,,,,,
rebus_general_86.jpg,rebus_general_86.jpg,General,,,,,,,k-9,dog,,,,,,,,,,,,,,,
rebus_harrypotter_01.jpg,rebus_harrypotter_01.jpg,Harry Potter,,,,,it's cursed to teach,"the fence is against the arts, which are dark",Defence Against the Dark Arts,DADA,,,,,,,,,,,,,,,
rebus_harrypotter_02.jpg,rebus_harrypotter_02.jpg,Harry Potter,,,,,aka there's a ban on that phrase,both Black and Hagrid stayed here,Azkaban,askaban,azkabanm,askabanm,,,,,,,,,,,,,
rebus_harrypotter_03_a.jpg,rebus_harrypotter_03_a.jpg,Harry Potter,,,,,a house,"same as the next one, just two different options",Gryffindors,griffindors,gryffindoors,griffindoors,gryfindors,grifindors,gryfindoors,,,,,,,,,,
rebus_harrypotter_03_b.jpg,rebus_harrypotter_03_b.jpg,Harry Potter,,,,,they value bravery and stuff,"same as the previous one, just two different options",Gryffindors,griffindors,gryffindoors,griffindoors,gryfindors,grifindors,gryfindoors,,,,,,,,,,
rebus_music_00.jpg,rebus_music_00.jpg,Music,Bands,,,,paint. drumming.,blue paint. PVC drumming.,Blue Man Group,,,,,,,,,,,,,,,,
rebus_music_01.jpg,rebus_music_01.jpg,Music,,,,,less fast,half as fast actually,half-time,,,,,,,,,,,,,,,,
rebus_music_02.jpg,rebus_music_02.jpg,Music,,,,,Do you know music notation?,"typically, these are fast",sixteenth notes,16th notes,,,,,,,,,,,,,,,
rebus_music_03.jpg,rebus_music_03.jpg,Music,,,,,1 & 3,"fyi, it's not ""beat down""",down beat,,,,,,,,,,,,,,,,
rebus_music_04.jpg,rebus_music_04.jpg,Music,,,,,2 & 4,"fyi, it's not ""beat up""",up beat,,,,,,,,,,,,,,,,
rebus_music_05.jpg,rebus_music_05.jpg,Music,,,,,not a bar circle...,divides the measures...,barline,,,,,,,,,,,,,,,,
rebus_music_06.jpg,rebus_music_06.jpg,Music,,,,,my singing,(I'm a terrible singer),not in tune,,,,,,,,,,,,,,,,
rebus_music_07.jpg,rebus_music_07.jpg,Music,,,,,sign here...,it's how you know the key,key signature,,,,,,,,,,,,,,,,
rebus_music_08.jpg,rebus_music_08.jpg,Music,,,,,sign here...,it'e how you know the time,time signature,,,,,,,,,,,,,,,,
rebus_music_09.jpg,rebus_music_09.jpg,Music,,,,,not the missiong impossible thing or Brubeck's 'Take 5',standard time,4/4,four four,,,,,,,,,,,,,,,
rebus_music_10.jpg,rebus_music_10.jpg,Music,,,,,used in jazz a lot,something tripped him...,triplet,,,,,,,,,,,,,,,,
rebus_music_11_a.jpg,rebus_music_11_a.jpg,Music,,,,,,,fortissimo,fourtissimo,fortisimo,fourtissimo,,,,,,,,,,,,,
rebus_music_11_b.jpg,rebus_music_11_b.jpg,Music,,,,,,,fortissimo,fourtissimo,fortisimo,fourtissimo,,,,,,,,,,,,,
rebus_music_13.jpg,rebus_music_13.jpg,Music,Bands,,,,not quite your nextdoor neighbor,is this problem your kryptonite?,Three Doors Down,3 doors down,,,,,,,,,,,,,,,
rebus_music_14.jpg,rebus_music_14.jpg,Music,Bands,,,,,,The Doors,doors,,,,,,,,,,,,,,,
rebus_music_15_bands.jpg,rebus_music_15_bands.jpg,Music,Bands,General,,,this puzzle is but Dust in the Wind,it's also a state,Kansas,,,,,,,,,,,,,,,,
rebus_music_16_bands.jpg,rebus_music_16_bands.jpg,Music,Bands,,,,older iPod users might hate this group,you (might) too,U2,,,,,,,,,,,,,,,,
rebus_music_17_bands.jpg,rebus_music_17_bands.jpg,Music,Bands,,,,I always mix up the boy and girl symbols...,I always preferd N*sycn,Backstreet Boys,The Backstreet Bots,,,,,,,,,,,,,,,
rebus_music_18_bands.jpg,rebus_music_18_bands.jpg,Music,Bands,,,,"""Numb""",,Linkin Park,,,,,,,,,,,,,,,,
rebus_music_23.jpg,rebus_music_23.jpg,Music,,,,,"I like ""The Nitty Gritty Dirt Band"" myself",What color is that word?,Bluegrass,Blugrass,blugras,bluegras,,,,,,,,,,,,,
rebus_music_24_Bands.jpg,rebus_music_24_Bands.jpg,Music,,,,,What color is that number?,,Maroon 5,maroon five,maron 5,maron five,,,,,,,,,,,,,
rebus_music_drumming_19.jpg,rebus_music_drumming_19.jpg,Music,Drumming,,,,A type of marching band drum,Also a type of singer,tenor,,,,,,,,,,,,,,,,
rebus_music_drumming_20.jpg,rebus_music_drumming_20.jpg,Music,Drumming,,,,Also a movie,,drumline,,,,,,,,,,,,,,,,
rebus_music_drumming_21.jpg,rebus_music_drumming_21.jpg,Music,Drumming,,,,R l r r L r l l,Fundamental rudiment yo,paradiddle,,,,,,,,,,,,,,,,
rebus_music_drumming_22.jpg,rebus_music_drumming_22.jpg,Music,Drumming,,,,Jazz 2 & 4,Do you play a kit?,hi-hat,high-hat,,,,,,,,,,,,,,,
rebus_neurology_00.jpg,rebus_neurology_00.jpg,Neurology,,,,,Neurology 101: Parts of a nerve cell ,To big to be a hatchet... hmmm,axon,,,,,,,,,,,,,,,,
rebus_programming_01.jpg,rebus_programming_01.jpg,Programming,,,,,"Having learned in Haskell, I was amazed to learn most languages don't require recursion for basic loops",Not 'four' nor '4',for loop,,,,,,,,,,,,,,,,
rebus_programming_02.jpg,rebus_programming_02.jpg,Programming,,,,,Not my favorite language,,C++,,,,,,,,,,,,,,,,
rebus_programming_03.jpg,rebus_programming_03.jpg,Programming,,,,,"The font is cursive, AKA...",,javascript,,,,,,,,,,,,,,,,
rebus_programming_04.jpg,rebus_programming_04.jpg,Programming,,,,,ends a function,Also a key,return,,,,,,,,,,,,,,,,
rebus_programming_05.jpg,rebus_programming_05.jpg,Programming,,,,,The reason I don't like C,"A point can be named by it's verticies, fyi",pointer,,,,,,,,,,,,,,,,
rebus_programming_06.jpg,rebus_programming_06.jpg,Programming,,,,,AKA web developer,How stuff looks,frontend,,,,,,,,,,,,,,,,
rebus_programming_07.jpg,rebus_programming_07.jpg,Programming,,,,,"AKA punch cards and machine code, I think",How stuff works,backend,,,,,,,,,,,,,,,,
rebus_programming_08.jpg,rebus_programming_08.jpg,Programming,,,,,A rate is one thing 'per' another thing,What is that LAN gauge at the end anyway?,hypertext markup language,HTML,,,,,,,,,,,,,,,
rebus_programming_09.jpg,rebus_programming_09.jpg,Programming,,,,,"Arrays, stacks, queues, trees....",buildings' out of 'information',data structures,data structure,,,,,,,,,,,,,,,
rebus_programming_10.jpg,rebus_programming_10.jpg,Programming,,,,,Scripts don't need one,A pile of websites? No that's not right,compiler,,,,,,,,,,,,,,,,
rebus_programming_11.jpg,rebus_programming_11.jpg,Programming,,,,,,,Python,,,,,,,,,,,,,,,,
rebus_programming_12.jpg,rebus_programming_12.jpg,Programming,,,,,,,Node.js,,,,,,,,,,,,,,,,
rebus_snowboarding_00.jpg,rebus_snowboarding_00.jpg,Snowboarding,,,,,Part of a snowbaord,,sidewall,,,,,,,,,,,,,,,,
rebus_snowboarding_01.jpg,rebus_snowboarding_01.jpg,Snowboarding,,,,,Where the real powder is at.,Also an outdoor clothing/gear retailer,backcountry,,,,,,,,,,,,,,,,
rebus_snowboarding_02.jpg,rebus_snowboarding_02.jpg,Snowboarding,,,,,Euphemism for skiing without a slope,Also a way to drive,cross-country,cross country skiing,XC,xc skiing,Nordic Skiing,nordic,,,,,,,,,,,
rebus_snowboarding_02a.jpg,rebus_snowboarding_02a.jpg,Snowboarding,,,,,Euphemism for skiing without a slope,Also a way to drive,cross-country,cross country skiing,XC,xc skiing,Nordic Skiing,nordic,,,,,,,,,,,
rebus_snowboarding_03.jpg,rebus_snowboarding_03.jpg,Snowboarding,,,,,A type of snow condition,,frozen granular,,,,,,,,,,,,,,,,
rebus_snowboarding_04.jpg,rebus_snowboarding_04.jpg,Snowboarding,,,,,I can never keep all the different types of grabs straight,"the smaller word is inside the bigger letter, hmm...",indy grab,indie grab,,,,,,,,,,,,,,,
rebus_snowboarding_05.jpg,rebus_snowboarding_05.jpg,Snowboarding,,,,,Peak 6 is my fav,,Breckenridge,brekenridge,Brek,,,,,,,,,,,,,,
rebus_snowboarding_06.jpg,rebus_snowboarding_06.jpg,Snowboarding,,,,,Not below the line of shrubs or something,,above the treeline,over the treeline,,,,,,,,,,,,,,,
rebus_snowboarding_08.jpg,rebus_snowboarding_08.jpg,Snowboarding,,,,,A type of snow condition,,packed powder,,,,,,,,,,,,,,,,
rebus_snowboarding_09.jpg,rebus_snowboarding_09.jpg,Snowboarding,,,,,Define the difference between this and a super-pipe,,half-pipe,,,,,,,,,,,,,,,,
rebus_snowboarding_10.jpg,rebus_snowboarding_10.jpg,Snowboarding,,,,,Who said there's no good skiing in NY?,AKA Ice face,Whiteface,,,,,,,,,,,,,,,,
rebus_snowboarding_11.jpg,rebus_snowboarding_11.jpg,Snowboarding,,,,,"Technically I've drawn a sailboat, but you get the idea",,Steamboat,,,,,,,,,,,,,,,,
rebus_snowboarding_12.jpg,rebus_snowboarding_12.jpg,Snowboarding,,,,,Freshly groomed,Also a type of fabric / pants,corduroy,quarterroy,quarteroy,,,,,,,,,,,,,,
rebus_snowboarding_13.jpg,rebus_snowboarding_13.jpg,Snowboarding,,,,,this condition actually looks a lot like the inside of this rebus puzzle,Sucks to drive in though,whiteout,,,,,,,,,,,,,,,,
rebus_snowboarding_14.jpg,rebus_snowboarding_14.jpg,Snowboarding,,,,,That ruler is 3 feet long,You have to know the imperial measurement system though,yard sale,,,,,,,,,,,,,,,,
rebus_snowboarding_15.jpg,rebus_snowboarding_15.jpg,Snowboarding,,,,,Good place to learn,,bunny slope,,,,,,,,,,,,,,,,
rebus_snowboarding_16.jpg,rebus_snowboarding_16.jpg,Snowboarding,,,,,Gotta wake up early to snag these,,first tracks,,,,,,,,,,,,,,,,
rebus_snowboarding_17.jpg,rebus_snowboarding_17.jpg,Snowboarding,,,,,Snowboarders might have no idea....,,DIN,,,,,,,,,,,,,,,,
rebus_snowboarding_18.jpg,rebus_snowboarding_18.jpg,Snowboarding,,,,,,,cat tracks,,,,,,,,,,,,,,,,
rebus_starwars_01.jpg,rebus_starwars_01.jpg,Star Wars,,,,,Best robot,,R2D2,,,,,,,,,,,,,,,,
rebus_starwars_02.jpg,rebus_starwars_02.jpg,Star Wars,,,,,"The other side is light, but that's not where the arrow is pointing",,the dark side,dark side,,,,,,,,,,,,,,,
rebus_starwars_03.jpg,rebus_starwars_03.jpg,Star Wars,,,,,Requies a little physics knowledge,Even though the force defies all physics,may the force be with you,,,,,,,,,,,,,,,,
rebus_starwars_04.jpg,rebus_starwars_04.jpg,Star Wars,,,,,,,BB-8,bee bee eight,beebeeate,,,,,,,,,,,,,,
rebus_starwars_05.jpg,rebus_starwars_05.jpg,Star Wars,,,,,,,C3-PO,,,,,,,,,,,,,,,,
rebus_starwars_06.jpg,rebus_starwars_06.jpg,Star Wars,,,,,,,Obi-Wan Kenobi,,,,,,,,,,,,,,,,
rebus_starwars_07.jpg,rebus_starwars_07.jpg,Star Wars,,,,,,,X-Wing,,,,,,,,,,,,,,,,
rebus_starwars_08.jpg,rebus_starwars_08.jpg,Star Wars,,,,,,,Death Star,,,,,,,,,,,,,,,,
rebus_starwars_09.jpg,rebus_starwars_09.jpg,Star Wars,,,,,,,Jar Jar,jar jar binks,,,,,,,,,,,,,,,
rebus_tv_00.jpg,rebus_tv_00.jpg,TV,,,,,"Never watched lone enough to learn who ""A"" was.","I only watched on episode though. Also, what a pretty font.",Pretty Little Liars,,,,,,,,,,,,,,,,
rebus_woodworking_00.jpg,rebus_woodworking_00.jpg,Woodworking,,,,,Makes things flat(er),Makes wood more flat?,planer,,,,,,,,,,,,,,,,